Worker Participation Indicators,Year,Number of Records,Values
Labour Force Participation Rate TOTAL,01-01-2010,1,0
Labour Force Participation Rate TOTAL,01-01-2010,1,0
Labour Force Participation Rate TOTAL,01-01-2010,1,0
Labour Force Participation Rate TOTAL,01-01-2010,1,0
Labour Force Participation Rate TOTAL,01-01-2010,1,0
Labour Force Participation Rate TOTAL,01-01-2010,1,0
Labour Force Participation Rate TOTAL,01-01-2010,1,396
Labour Force Participation Rate TOTAL,01-01-2010,1,475
Labour Force Participation Rate TOTAL,01-01-2010,1,482
Labour Force Participation Rate TOTAL,01-01-2010,1,534
Labour Force Participation Rate TOTAL,01-01-2010,1,537
Labour Force Participation Rate TOTAL,01-01-2010,1,537
Labour Force Participation Rate TOTAL,01-01-2010,1,537
Labour Force Participation Rate TOTAL,01-01-2010,1,538
Labour Force Participation Rate TOTAL,01-01-2010,1,545
Labour Force Participation Rate TOTAL,01-01-2010,1,547
Labour Force Participation Rate TOTAL,01-01-2010,1,547
Labour Force Participation Rate TOTAL,01-01-2010,1,549
Labour Force Participation Rate TOTAL,01-01-2010,1,551
Labour Force Participation Rate TOTAL,01-01-2010,1,555
Labour Force Participation Rate TOTAL,01-01-2010,1,557
Labour Force Participation Rate TOTAL,01-01-2010,1,558
Labour Force Participation Rate TOTAL,01-01-2010,1,560
Labour Force Participation Rate TOTAL,01-01-2010,1,562
Labour Force Participation Rate TOTAL,01-01-2010,1,574
Labour Force Participation Rate TOTAL,01-01-2010,1,578
Labour Force Participation Rate TOTAL,01-01-2010,1,579
Labour Force Participation Rate TOTAL,01-01-2010,1,579
Labour Force Participation Rate TOTAL,01-01-2010,1,582
Labour Force Participation Rate TOTAL,01-01-2010,1,583
Labour Force Participation Rate TOTAL,01-01-2010,1,589
Labour Force Participation Rate TOTAL,01-01-2010,1,594
Labour Force Participation Rate TOTAL,01-01-2010,1,595
Labour Force Participation Rate TOTAL,01-01-2010,1,602
Labour Force Participation Rate TOTAL,01-01-2010,1,610
Labour Force Participation Rate TOTAL,01-01-2010,1,612
Labour Force Participation Rate TOTAL,01-01-2010,1,620
Labour Force Participation Rate TOTAL,01-01-2010,1,624
Labour Force Participation Rate TOTAL,01-01-2010,1,633
Labour Force Participation Rate TOTAL,01-01-2010,1,636
Labour Force Participation Rate TOTAL,01-01-2010,1,640
Labour Force Participation Rate TOTAL,01-01-2010,1,654
Labour Force Participation Rate TOTAL,01-01-2010,1,660
Labour Force Participation Rate TOTAL,01-01-2010,1,660
Labour Force Participation Rate TOTAL,01-01-2010,1,664
Labour Force Participation Rate TOTAL,01-01-2010,1,667
Labour Force Participation Rate TOTAL,01-01-2010,1,669
Labour Force Participation Rate TOTAL,01-01-2010,1,670
Labour Force Participation Rate TOTAL,01-01-2010,1,671
Labour Force Participation Rate TOTAL,01-01-2010,1,678
Labour Force Participation Rate TOTAL,01-01-2010,1,678
Labour Force Participation Rate TOTAL,01-01-2010,1,679
Labour Force Participation Rate TOTAL,01-01-2010,1,685
Labour Force Participation Rate TOTAL,01-01-2010,1,702
Labour Force Participation Rate TOTAL,01-01-2010,1,703
Labour Force Participation Rate TOTAL,01-01-2010,1,713
Labour Force Participation Rate TOTAL,01-01-2010,1,720
Labour Force Participation Rate TOTAL,01-01-2010,1,723
Labour Force Participation Rate TOTAL,01-01-2010,1,734
Labour Force Participation Rate TOTAL,01-01-2010,1,734
Labour Force Participation Rate TOTAL,01-01-2010,1,734
Labour Force Participation Rate TOTAL,01-01-2010,1,734
Labour Force Participation Rate TOTAL,01-01-2010,1,738
Labour Force Participation Rate TOTAL,01-01-2010,1,741
Labour Force Participation Rate TOTAL,01-01-2010,1,743
Labour Force Participation Rate TOTAL,01-01-2010,1,760
Labour Force Participation Rate TOTAL,01-01-2010,1,781
Labour Force Participation Rate TOTAL,01-01-2010,1,793
Labour Force Participation Rate TOTAL,01-01-2010,1,799
Labour Force Participation Rate TOTAL,01-01-2010,1,812
Labour Force Participation Rate TOTAL,01-01-2010,1,820
Labour Force Participation Rate TOTAL,01-01-2010,1,836
Labour Force Participation Rate TOTAL,01-01-2010,1,837
Labour Force Participation Rate TOTAL,01-01-2010,1,859
Labour Force Participation Rate TOTAL,01-01-2010,1,860
Labour Force Participation Rate TOTAL,01-01-2010,1,881
Labour Force Participation Rate TOTAL,01-01-2010,1,882
Labour Force Participation Rate TOTAL,01-01-2010,1,885
Labour Force Participation Rate TOTAL,01-01-2010,1,890
Labour Force Participation Rate TOTAL,01-01-2010,1,891
Labour Force Participation Rate TOTAL,01-01-2010,1,891
Labour Force Participation Rate TOTAL,01-01-2010,1,899
Labour Force Participation Rate TOTAL,01-01-2010,1,930
Labour Force Participation Rate TOTAL,01-01-2010,1,932
Labour Force Participation Rate TOTAL,01-01-2010,1,933
Labour Force Participation Rate TOTAL,01-01-2010,1,941
Labour Force Participation Rate TOTAL,01-01-2010,1,949
PROPORTION UMEMPLOYED Total (1000),01-01-2010,1,0
PROPORTION UMEMPLOYED Total (1000),01-01-2010,1,0
PROPORTION UMEMPLOYED Total (1000),01-01-2010,1,0
PROPORTION UMEMPLOYED Total (1000),01-01-2010,1,0
PROPORTION UMEMPLOYED Total (1000),01-01-2010,1,0
PROPORTION UMEMPLOYED Total (1000),01-01-2010,1,0
PROPORTION UMEMPLOYED Total (1000),01-01-2010,1,4
PROPORTION UMEMPLOYED Total (1000),01-01-2010,1,6
PROPORTION UMEMPLOYED Total (1000),01-01-2010,1,7
PROPORTION UMEMPLOYED Total (1000),01-01-2010,1,13
PROPORTION UMEMPLOYED Total (1000),01-01-2010,1,22
PROPORTION UMEMPLOYED Total (1000),01-01-2010,1,22
PROPORTION UMEMPLOYED Total (1000),01-01-2010,1,23
PROPORTION UMEMPLOYED Total (1000),01-01-2010,1,23
PROPORTION UMEMPLOYED Total (1000),01-01-2010,1,24
PROPORTION UMEMPLOYED Total (1000),01-01-2010,1,25
PROPORTION UMEMPLOYED Total (1000),01-01-2010,1,26
PROPORTION UMEMPLOYED Total (1000),01-01-2010,1,26
PROPORTION UMEMPLOYED Total (1000),01-01-2010,1,26
PROPORTION UMEMPLOYED Total (1000),01-01-2010,1,27
PROPORTION UMEMPLOYED Total (1000),01-01-2010,1,27
PROPORTION UMEMPLOYED Total (1000),01-01-2010,1,30
PROPORTION UMEMPLOYED Total (1000),01-01-2010,1,31
PROPORTION UMEMPLOYED Total (1000),01-01-2010,1,31
PROPORTION UMEMPLOYED Total (1000),01-01-2010,1,31
PROPORTION UMEMPLOYED Total (1000),01-01-2010,1,32
PROPORTION UMEMPLOYED Total (1000),01-01-2010,1,34
PROPORTION UMEMPLOYED Total (1000),01-01-2010,1,36
PROPORTION UMEMPLOYED Total (1000),01-01-2010,1,37
PROPORTION UMEMPLOYED Total (1000),01-01-2010,1,37
PROPORTION UMEMPLOYED Total (1000),01-01-2010,1,37
PROPORTION UMEMPLOYED Total (1000),01-01-2010,1,38
PROPORTION UMEMPLOYED Total (1000),01-01-2010,1,41
PROPORTION UMEMPLOYED Total (1000),01-01-2010,1,42
PROPORTION UMEMPLOYED Total (1000),01-01-2010,1,42
PROPORTION UMEMPLOYED Total (1000),01-01-2010,1,43
PROPORTION UMEMPLOYED Total (1000),01-01-2010,1,44
PROPORTION UMEMPLOYED Total (1000),01-01-2010,1,44
PROPORTION UMEMPLOYED Total (1000),01-01-2010,1,45
PROPORTION UMEMPLOYED Total (1000),01-01-2010,1,46
PROPORTION UMEMPLOYED Total (1000),01-01-2010,1,46
PROPORTION UMEMPLOYED Total (1000),01-01-2010,1,47
PROPORTION UMEMPLOYED Total (1000),01-01-2010,1,47
PROPORTION UMEMPLOYED Total (1000),01-01-2010,1,48
PROPORTION UMEMPLOYED Total (1000),01-01-2010,1,50
PROPORTION UMEMPLOYED Total (1000),01-01-2010,1,52
PROPORTION UMEMPLOYED Total (1000),01-01-2010,1,52
PROPORTION UMEMPLOYED Total (1000),01-01-2010,1,53
PROPORTION UMEMPLOYED Total (1000),01-01-2010,1,54
PROPORTION UMEMPLOYED Total (1000),01-01-2010,1,54
PROPORTION UMEMPLOYED Total (1000),01-01-2010,1,58
PROPORTION UMEMPLOYED Total (1000),01-01-2010,1,58
PROPORTION UMEMPLOYED Total (1000),01-01-2010,1,62
PROPORTION UMEMPLOYED Total (1000),01-01-2010,1,64
PROPORTION UMEMPLOYED Total (1000),01-01-2010,1,64
PROPORTION UMEMPLOYED Total (1000),01-01-2010,1,66
PROPORTION UMEMPLOYED Total (1000),01-01-2010,1,67
PROPORTION UMEMPLOYED Total (1000),01-01-2010,1,67
PROPORTION UMEMPLOYED Total (1000),01-01-2010,1,68
PROPORTION UMEMPLOYED Total (1000),01-01-2010,1,68
PROPORTION UMEMPLOYED Total (1000),01-01-2010,1,69
PROPORTION UMEMPLOYED Total (1000),01-01-2010,1,69
PROPORTION UMEMPLOYED Total (1000),01-01-2010,1,70
PROPORTION UMEMPLOYED Total (1000),01-01-2010,1,72
PROPORTION UMEMPLOYED Total (1000),01-01-2010,1,75
PROPORTION UMEMPLOYED Total (1000),01-01-2010,1,76
PROPORTION UMEMPLOYED Total (1000),01-01-2010,1,78
PROPORTION UMEMPLOYED Total (1000),01-01-2010,1,80
PROPORTION UMEMPLOYED Total (1000),01-01-2010,1,80
PROPORTION UMEMPLOYED Total (1000),01-01-2010,1,86
PROPORTION UMEMPLOYED Total (1000),01-01-2010,1,87
PROPORTION UMEMPLOYED Total (1000),01-01-2010,1,88
PROPORTION UMEMPLOYED Total (1000),01-01-2010,1,89
PROPORTION UMEMPLOYED Total (1000),01-01-2010,1,91
PROPORTION UMEMPLOYED Total (1000),01-01-2010,1,94
PROPORTION UMEMPLOYED Total (1000),01-01-2010,1,95
PROPORTION UMEMPLOYED Total (1000),01-01-2010,1,97
PROPORTION UMEMPLOYED Total (1000),01-01-2010,1,100
PROPORTION UMEMPLOYED Total (1000),01-01-2010,1,104
PROPORTION UMEMPLOYED Total (1000),01-01-2010,1,111
PROPORTION UMEMPLOYED Total (1000),01-01-2010,1,135
PROPORTION UMEMPLOYED Total (1000),01-01-2010,1,151
PROPORTION UMEMPLOYED Total (1000),01-01-2010,1,162
PROPORTION UMEMPLOYED Total (1000),01-01-2010,1,196
PROPORTION UMEMPLOYED Total (1000),01-01-2010,1,222
PROPORTION UMEMPLOYED Total (1000),01-01-2010,1,239
PROPORTION UMEMPLOYED Total (1000),01-01-2010,1,346
UR Total(1000),01-01-2010,1,0
UR Total(1000),01-01-2010,1,0
UR Total(1000),01-01-2010,1,0
UR Total(1000),01-01-2010,1,0
UR Total(1000),01-01-2010,1,0
UR Total(1000),01-01-2010,1,6
UR Total(1000),01-01-2010,1,23
UR Total(1000),01-01-2010,1,32
UR Total(1000),01-01-2010,1,51
UR Total(1000),01-01-2010,1,54
UR Total(1000),01-01-2010,1,54
UR Total(1000),01-01-2010,1,63
UR Total(1000),01-01-2010,1,64
UR Total(1000),01-01-2010,1,84
UR Total(1000),01-01-2010,1,91
UR Total(1000),01-01-2010,1,92
UR Total(1000),01-01-2010,1,93
UR Total(1000),01-01-2010,1,95
UR Total(1000),01-01-2010,1,96
UR Total(1000),01-01-2010,1,97
UR Total(1000),01-01-2010,1,103
UR Total(1000),01-01-2010,1,107
UR Total(1000),01-01-2010,1,108
UR Total(1000),01-01-2010,1,121
UR Total(1000),01-01-2010,1,126
UR Total(1000),01-01-2010,1,129
UR Total(1000),01-01-2010,1,131
UR Total(1000),01-01-2010,1,133
UR Total(1000),01-01-2010,1,134
UR Total(1000),01-01-2010,1,136
UR Total(1000),01-01-2010,1,138
UR Total(1000),01-01-2010,1,138
UR Total(1000),01-01-2010,1,141
UR Total(1000),01-01-2010,1,148
UR Total(1000),01-01-2010,1,149
UR Total(1000),01-01-2010,1,156
UR Total(1000),01-01-2010,1,157
UR Total(1000),01-01-2010,1,160
UR Total(1000),01-01-2010,1,163
UR Total(1000),01-01-2010,1,164
UR Total(1000),01-01-2010,1,164
UR Total(1000),01-01-2010,1,165
UR Total(1000),01-01-2010,1,177
UR Total(1000),01-01-2010,1,184
UR Total(1000),01-01-2010,1,188
UR Total(1000),01-01-2010,1,192
UR Total(1000),01-01-2010,1,207
UR Total(1000),01-01-2010,1,216
UR Total(1000),01-01-2010,1,226
UR Total(1000),01-01-2010,1,235
UR Total(1000),01-01-2010,1,242
UR Total(1000),01-01-2010,1,243
UR Total(1000),01-01-2010,1,247
UR Total(1000),01-01-2010,1,248
UR Total(1000),01-01-2010,1,249
UR Total(1000),01-01-2010,1,252
UR Total(1000),01-01-2010,1,255
UR Total(1000),01-01-2010,1,256
UR Total(1000),01-01-2010,1,258
UR Total(1000),01-01-2010,1,263
UR Total(1000),01-01-2010,1,279
UR Total(1000),01-01-2010,1,280
UR Total(1000),01-01-2010,1,281
UR Total(1000),01-01-2010,1,282
UR Total(1000),01-01-2010,1,283
UR Total(1000),01-01-2010,1,287
UR Total(1000),01-01-2010,1,288
UR Total(1000),01-01-2010,1,298
UR Total(1000),01-01-2010,1,298
UR Total(1000),01-01-2010,1,301
UR Total(1000),01-01-2010,1,340
UR Total(1000),01-01-2010,1,430
UR Total(1000),01-01-2010,1,432
UR Total(1000),01-01-2010,1,458
UR Total(1000),01-01-2010,1,468
UR Total(1000),01-01-2010,1,479
UR Total(1000),01-01-2010,1,501
UR Total(1000),01-01-2010,1,504
UR Total(1000),01-01-2010,1,506
UR Total(1000),01-01-2010,1,553
UR Total(1000),01-01-2010,1,634
UR Total(1000),01-01-2010,1,646
UR Total(1000),01-01-2010,1,667
UR Total(1000),01-01-2010,1,674
UR Total(1000),01-01-2010,1,694
UR Total(1000),01-01-2010,1,859
Worker Population Ratio Total,01-01-2010,1,0
Worker Population Ratio Total,01-01-2010,1,0
Worker Population Ratio Total,01-01-2010,1,0
Worker Population Ratio Total,01-01-2010,1,0
Worker Population Ratio Total,01-01-2010,1,0
Worker Population Ratio Total,01-01-2010,1,0
Worker Population Ratio Total,01-01-2010,1,311
Worker Population Ratio Total,01-01-2010,1,447
Worker Population Ratio Total,01-01-2010,1,447
Worker Population Ratio Total,01-01-2010,1,447
Worker Population Ratio Total,01-01-2010,1,459
Worker Population Ratio Total,01-01-2010,1,469
Worker Population Ratio Total,01-01-2010,1,491
Worker Population Ratio Total,01-01-2010,1,492
Worker Population Ratio Total,01-01-2010,1,497
Worker Population Ratio Total,01-01-2010,1,500
Worker Population Ratio Total,01-01-2010,1,508
Worker Population Ratio Total,01-01-2010,1,511
Worker Population Ratio Total,01-01-2010,1,513
Worker Population Ratio Total,01-01-2010,1,516
Worker Population Ratio Total,01-01-2010,1,517
Worker Population Ratio Total,01-01-2010,1,521
Worker Population Ratio Total,01-01-2010,1,521
Worker Population Ratio Total,01-01-2010,1,524
Worker Population Ratio Total,01-01-2010,1,527
Worker Population Ratio Total,01-01-2010,1,529
Worker Population Ratio Total,01-01-2010,1,530
Worker Population Ratio Total,01-01-2010,1,532
Worker Population Ratio Total,01-01-2010,1,536
Worker Population Ratio Total,01-01-2010,1,540
Worker Population Ratio Total,01-01-2010,1,544
Worker Population Ratio Total,01-01-2010,1,546
Worker Population Ratio Total,01-01-2010,1,551
Worker Population Ratio Total,01-01-2010,1,552
Worker Population Ratio Total,01-01-2010,1,556
Worker Population Ratio Total,01-01-2010,1,561
Worker Population Ratio Total,01-01-2010,1,570
Worker Population Ratio Total,01-01-2010,1,572
Worker Population Ratio Total,01-01-2010,1,573
Worker Population Ratio Total,01-01-2010,1,575
Worker Population Ratio Total,01-01-2010,1,576
Worker Population Ratio Total,01-01-2010,1,584
Worker Population Ratio Total,01-01-2010,1,585
Worker Population Ratio Total,01-01-2010,1,588
Worker Population Ratio Total,01-01-2010,1,589
Worker Population Ratio Total,01-01-2010,1,589
Worker Population Ratio Total,01-01-2010,1,589
Worker Population Ratio Total,01-01-2010,1,589
Worker Population Ratio Total,01-01-2010,1,596
Worker Population Ratio Total,01-01-2010,1,599
Worker Population Ratio Total,01-01-2010,1,599
Worker Population Ratio Total,01-01-2010,1,600
Worker Population Ratio Total,01-01-2010,1,604
Worker Population Ratio Total,01-01-2010,1,610
Worker Population Ratio Total,01-01-2010,1,613
Worker Population Ratio Total,01-01-2010,1,616
Worker Population Ratio Total,01-01-2010,1,630
Worker Population Ratio Total,01-01-2010,1,632
Worker Population Ratio Total,01-01-2010,1,634
Worker Population Ratio Total,01-01-2010,1,640
Worker Population Ratio Total,01-01-2010,1,642
Worker Population Ratio Total,01-01-2010,1,649
Worker Population Ratio Total,01-01-2010,1,655
Worker Population Ratio Total,01-01-2010,1,656
Worker Population Ratio Total,01-01-2010,1,663
Worker Population Ratio Total,01-01-2010,1,665
Worker Population Ratio Total,01-01-2010,1,681
Worker Population Ratio Total,01-01-2010,1,686
Worker Population Ratio Total,01-01-2010,1,689
Worker Population Ratio Total,01-01-2010,1,712
Worker Population Ratio Total,01-01-2010,1,713
Worker Population Ratio Total,01-01-2010,1,718
Worker Population Ratio Total,01-01-2010,1,769
Worker Population Ratio Total,01-01-2010,1,778
Worker Population Ratio Total,01-01-2010,1,790
Worker Population Ratio Total,01-01-2010,1,807
Worker Population Ratio Total,01-01-2010,1,812
Worker Population Ratio Total,01-01-2010,1,817
Worker Population Ratio Total,01-01-2010,1,838
Worker Population Ratio Total,01-01-2010,1,841
Worker Population Ratio Total,01-01-2010,1,857
Worker Population Ratio Total,01-01-2010,1,860
Worker Population Ratio Total,01-01-2010,1,872
Worker Population Ratio Total,01-01-2010,1,873
Worker Population Ratio Total,01-01-2010,1,888
Worker Population Ratio Total,01-01-2010,1,890
Worker Population Ratio Total,01-01-2010,1,905
Labour Force Participation Rate TOTAL,01-01-2012,1,756
Labour Force Participation Rate TOTAL,01-01-2012,1,784
Labour Force Participation Rate TOTAL,01-01-2012,1,788
Labour Force Participation Rate TOTAL,01-01-2012,1,793
Labour Force Participation Rate TOTAL,01-01-2012,1,797
Labour Force Participation Rate TOTAL,01-01-2012,1,799
Labour Force Participation Rate TOTAL,01-01-2012,1,800
Labour Force Participation Rate TOTAL,01-01-2012,1,805
Labour Force Participation Rate TOTAL,01-01-2012,1,808
Labour Force Participation Rate TOTAL,01-01-2012,1,820
Labour Force Participation Rate TOTAL,01-01-2012,1,820
Labour Force Participation Rate TOTAL,01-01-2012,1,830
Labour Force Participation Rate TOTAL,01-01-2012,1,831
Labour Force Participation Rate TOTAL,01-01-2012,1,843
Labour Force Participation Rate TOTAL,01-01-2012,1,854
Labour Force Participation Rate TOTAL,01-01-2012,1,859
Labour Force Participation Rate TOTAL,01-01-2012,1,860
Labour Force Participation Rate TOTAL,01-01-2012,1,861
Labour Force Participation Rate TOTAL,01-01-2012,1,865
Labour Force Participation Rate TOTAL,01-01-2012,1,868
Labour Force Participation Rate TOTAL,01-01-2012,1,869
Labour Force Participation Rate TOTAL,01-01-2012,1,874
Labour Force Participation Rate TOTAL,01-01-2012,1,874
Labour Force Participation Rate TOTAL,01-01-2012,1,874
Labour Force Participation Rate TOTAL,01-01-2012,1,880
Labour Force Participation Rate TOTAL,01-01-2012,1,883
Labour Force Participation Rate TOTAL,01-01-2012,1,883
Labour Force Participation Rate TOTAL,01-01-2012,1,891
Labour Force Participation Rate TOTAL,01-01-2012,1,893
Labour Force Participation Rate TOTAL,01-01-2012,1,893
Labour Force Participation Rate TOTAL,01-01-2012,1,896
Labour Force Participation Rate TOTAL,01-01-2012,1,901
Labour Force Participation Rate TOTAL,01-01-2012,1,941
Labour Force Participation Rate TOTAL,01-01-2012,1,943
Labour Force Participation Rate TOTAL,01-01-2012,1,947
Labour Force Participation Rate TOTAL,01-01-2012,1,952
Labour Force Participation Rate TOTAL,01-01-2012,1,961
Labour Force Participation Rate TOTAL,01-01-2012,1,962
Labour Force Participation Rate TOTAL,01-01-2012,1,964
Labour Force Participation Rate TOTAL,01-01-2012,1,964
Labour Force Participation Rate TOTAL,01-01-2012,1,964
Labour Force Participation Rate TOTAL,01-01-2012,1,968
Labour Force Participation Rate TOTAL,01-01-2012,1,972
Labour Force Participation Rate TOTAL,01-01-2012,1,976
Labour Force Participation Rate TOTAL,01-01-2012,1,979
Labour Force Participation Rate TOTAL,01-01-2012,1,981
Labour Force Participation Rate TOTAL,01-01-2012,1,982
Labour Force Participation Rate TOTAL,01-01-2012,1,991
Labour Force Participation Rate TOTAL,01-01-2012,1,992
Labour Force Participation Rate TOTAL,01-01-2012,1,992
Labour Force Participation Rate TOTAL,01-01-2012,1,997
Labour Force Participation Rate TOTAL,01-01-2012,1,997
Labour Force Participation Rate TOTAL,01-01-2012,1,997
Labour Force Participation Rate TOTAL,01-01-2012,1,1000
Labour Force Participation Rate TOTAL,01-01-2012,1,1001
Labour Force Participation Rate TOTAL,01-01-2012,1,1004
Labour Force Participation Rate TOTAL,01-01-2012,1,1008
Labour Force Participation Rate TOTAL,01-01-2012,1,1008
Labour Force Participation Rate TOTAL,01-01-2012,1,1017
Labour Force Participation Rate TOTAL,01-01-2012,1,1018
Labour Force Participation Rate TOTAL,01-01-2012,1,1023
Labour Force Participation Rate TOTAL,01-01-2012,1,1034
Labour Force Participation Rate TOTAL,01-01-2012,1,1036
Labour Force Participation Rate TOTAL,01-01-2012,1,1037
Labour Force Participation Rate TOTAL,01-01-2012,1,1047
Labour Force Participation Rate TOTAL,01-01-2012,1,1048
Labour Force Participation Rate TOTAL,01-01-2012,1,1049
Labour Force Participation Rate TOTAL,01-01-2012,1,1061
Labour Force Participation Rate TOTAL,01-01-2012,1,1073
Labour Force Participation Rate TOTAL,01-01-2012,1,1078
Labour Force Participation Rate TOTAL,01-01-2012,1,1082
Labour Force Participation Rate TOTAL,01-01-2012,1,1089
Labour Force Participation Rate TOTAL,01-01-2012,1,1089
Labour Force Participation Rate TOTAL,01-01-2012,1,1091
Labour Force Participation Rate TOTAL,01-01-2012,1,1092
Labour Force Participation Rate TOTAL,01-01-2012,1,1107
Labour Force Participation Rate TOTAL,01-01-2012,1,1122
Labour Force Participation Rate TOTAL,01-01-2012,1,1131
Labour Force Participation Rate TOTAL,01-01-2012,1,1134
Labour Force Participation Rate TOTAL,01-01-2012,1,1135
Labour Force Participation Rate TOTAL,01-01-2012,1,1138
Labour Force Participation Rate TOTAL,01-01-2012,1,1157
Labour Force Participation Rate TOTAL,01-01-2012,1,1162
Labour Force Participation Rate TOTAL,01-01-2012,1,1166
Labour Force Participation Rate TOTAL,01-01-2012,1,1166
Labour Force Participation Rate TOTAL,01-01-2012,1,1178
Labour Force Participation Rate TOTAL,01-01-2012,1,1181
Labour Force Participation Rate TOTAL,01-01-2012,1,1182
Labour Force Participation Rate TOTAL,01-01-2012,1,1200
Labour Force Participation Rate TOTAL,01-01-2012,1,1220
Labour Force Participation Rate TOTAL,01-01-2012,1,1224
Labour Force Participation Rate TOTAL,01-01-2012,1,1232
Labour Force Participation Rate TOTAL,01-01-2012,1,1276
Labour Force Participation Rate TOTAL,01-01-2012,1,1280
Labour Force Participation Rate TOTAL,01-01-2012,1,1283
Labour Force Participation Rate TOTAL,01-01-2012,1,1294
Labour Force Participation Rate TOTAL,01-01-2012,1,1306
Labour Force Participation Rate TOTAL,01-01-2012,1,1314
Labour Force Participation Rate TOTAL,01-01-2012,1,1324
Labour Force Participation Rate TOTAL,01-01-2012,1,1332
Labour Force Participation Rate TOTAL,01-01-2012,1,1336
Labour Force Participation Rate TOTAL,01-01-2012,1,1341
Labour Force Participation Rate TOTAL,01-01-2012,1,1364
Labour Force Participation Rate TOTAL,01-01-2012,1,1382
PROPORTION UMEMPLOYED Total (1000),01-01-2012,1,0
PROPORTION UMEMPLOYED Total (1000),01-01-2012,1,0
PROPORTION UMEMPLOYED Total (1000),01-01-2012,1,0
PROPORTION UMEMPLOYED Total (1000),01-01-2012,1,2
PROPORTION UMEMPLOYED Total (1000),01-01-2012,1,5
PROPORTION UMEMPLOYED Total (1000),01-01-2012,1,6
PROPORTION UMEMPLOYED Total (1000),01-01-2012,1,6
PROPORTION UMEMPLOYED Total (1000),01-01-2012,1,6
PROPORTION UMEMPLOYED Total (1000),01-01-2012,1,6
PROPORTION UMEMPLOYED Total (1000),01-01-2012,1,6
PROPORTION UMEMPLOYED Total (1000),01-01-2012,1,7
PROPORTION UMEMPLOYED Total (1000),01-01-2012,1,7
PROPORTION UMEMPLOYED Total (1000),01-01-2012,1,8
PROPORTION UMEMPLOYED Total (1000),01-01-2012,1,8
PROPORTION UMEMPLOYED Total (1000),01-01-2012,1,9
PROPORTION UMEMPLOYED Total (1000),01-01-2012,1,10
PROPORTION UMEMPLOYED Total (1000),01-01-2012,1,10
PROPORTION UMEMPLOYED Total (1000),01-01-2012,1,11
PROPORTION UMEMPLOYED Total (1000),01-01-2012,1,12
PROPORTION UMEMPLOYED Total (1000),01-01-2012,1,13
PROPORTION UMEMPLOYED Total (1000),01-01-2012,1,13
PROPORTION UMEMPLOYED Total (1000),01-01-2012,1,13
PROPORTION UMEMPLOYED Total (1000),01-01-2012,1,15
PROPORTION UMEMPLOYED Total (1000),01-01-2012,1,16
PROPORTION UMEMPLOYED Total (1000),01-01-2012,1,16
PROPORTION UMEMPLOYED Total (1000),01-01-2012,1,16
PROPORTION UMEMPLOYED Total (1000),01-01-2012,1,16
PROPORTION UMEMPLOYED Total (1000),01-01-2012,1,17
PROPORTION UMEMPLOYED Total (1000),01-01-2012,1,20
PROPORTION UMEMPLOYED Total (1000),01-01-2012,1,22
PROPORTION UMEMPLOYED Total (1000),01-01-2012,1,25
PROPORTION UMEMPLOYED Total (1000),01-01-2012,1,25
PROPORTION UMEMPLOYED Total (1000),01-01-2012,1,26
PROPORTION UMEMPLOYED Total (1000),01-01-2012,1,26
PROPORTION UMEMPLOYED Total (1000),01-01-2012,1,27
PROPORTION UMEMPLOYED Total (1000),01-01-2012,1,28
PROPORTION UMEMPLOYED Total (1000),01-01-2012,1,28
PROPORTION UMEMPLOYED Total (1000),01-01-2012,1,28
PROPORTION UMEMPLOYED Total (1000),01-01-2012,1,29
PROPORTION UMEMPLOYED Total (1000),01-01-2012,1,30
PROPORTION UMEMPLOYED Total (1000),01-01-2012,1,30
PROPORTION UMEMPLOYED Total (1000),01-01-2012,1,31
PROPORTION UMEMPLOYED Total (1000),01-01-2012,1,33
PROPORTION UMEMPLOYED Total (1000),01-01-2012,1,34
PROPORTION UMEMPLOYED Total (1000),01-01-2012,1,36
PROPORTION UMEMPLOYED Total (1000),01-01-2012,1,37
PROPORTION UMEMPLOYED Total (1000),01-01-2012,1,38
PROPORTION UMEMPLOYED Total (1000),01-01-2012,1,39
PROPORTION UMEMPLOYED Total (1000),01-01-2012,1,39
PROPORTION UMEMPLOYED Total (1000),01-01-2012,1,41
PROPORTION UMEMPLOYED Total (1000),01-01-2012,1,42
PROPORTION UMEMPLOYED Total (1000),01-01-2012,1,43
PROPORTION UMEMPLOYED Total (1000),01-01-2012,1,45
PROPORTION UMEMPLOYED Total (1000),01-01-2012,1,45
PROPORTION UMEMPLOYED Total (1000),01-01-2012,1,46
PROPORTION UMEMPLOYED Total (1000),01-01-2012,1,46
PROPORTION UMEMPLOYED Total (1000),01-01-2012,1,47
PROPORTION UMEMPLOYED Total (1000),01-01-2012,1,47
PROPORTION UMEMPLOYED Total (1000),01-01-2012,1,47
PROPORTION UMEMPLOYED Total (1000),01-01-2012,1,47
PROPORTION UMEMPLOYED Total (1000),01-01-2012,1,49
PROPORTION UMEMPLOYED Total (1000),01-01-2012,1,51
PROPORTION UMEMPLOYED Total (1000),01-01-2012,1,51
PROPORTION UMEMPLOYED Total (1000),01-01-2012,1,52
PROPORTION UMEMPLOYED Total (1000),01-01-2012,1,54
PROPORTION UMEMPLOYED Total (1000),01-01-2012,1,60
PROPORTION UMEMPLOYED Total (1000),01-01-2012,1,60
PROPORTION UMEMPLOYED Total (1000),01-01-2012,1,63
PROPORTION UMEMPLOYED Total (1000),01-01-2012,1,63
PROPORTION UMEMPLOYED Total (1000),01-01-2012,1,64
PROPORTION UMEMPLOYED Total (1000),01-01-2012,1,64
PROPORTION UMEMPLOYED Total (1000),01-01-2012,1,65
PROPORTION UMEMPLOYED Total (1000),01-01-2012,1,66
PROPORTION UMEMPLOYED Total (1000),01-01-2012,1,67
PROPORTION UMEMPLOYED Total (1000),01-01-2012,1,69
PROPORTION UMEMPLOYED Total (1000),01-01-2012,1,70
PROPORTION UMEMPLOYED Total (1000),01-01-2012,1,71
PROPORTION UMEMPLOYED Total (1000),01-01-2012,1,71
PROPORTION UMEMPLOYED Total (1000),01-01-2012,1,74
PROPORTION UMEMPLOYED Total (1000),01-01-2012,1,76
PROPORTION UMEMPLOYED Total (1000),01-01-2012,1,77
PROPORTION UMEMPLOYED Total (1000),01-01-2012,1,79
PROPORTION UMEMPLOYED Total (1000),01-01-2012,1,86
PROPORTION UMEMPLOYED Total (1000),01-01-2012,1,88
PROPORTION UMEMPLOYED Total (1000),01-01-2012,1,92
PROPORTION UMEMPLOYED Total (1000),01-01-2012,1,102
PROPORTION UMEMPLOYED Total (1000),01-01-2012,1,109
PROPORTION UMEMPLOYED Total (1000),01-01-2012,1,124
PROPORTION UMEMPLOYED Total (1000),01-01-2012,1,126
PROPORTION UMEMPLOYED Total (1000),01-01-2012,1,130
PROPORTION UMEMPLOYED Total (1000),01-01-2012,1,130
PROPORTION UMEMPLOYED Total (1000),01-01-2012,1,134
PROPORTION UMEMPLOYED Total (1000),01-01-2012,1,136
PROPORTION UMEMPLOYED Total (1000),01-01-2012,1,138
PROPORTION UMEMPLOYED Total (1000),01-01-2012,1,152
PROPORTION UMEMPLOYED Total (1000),01-01-2012,1,161
PROPORTION UMEMPLOYED Total (1000),01-01-2012,1,166
PROPORTION UMEMPLOYED Total (1000),01-01-2012,1,169
PROPORTION UMEMPLOYED Total (1000),01-01-2012,1,177
PROPORTION UMEMPLOYED Total (1000),01-01-2012,1,186
PROPORTION UMEMPLOYED Total (1000),01-01-2012,1,228
PROPORTION UMEMPLOYED Total (1000),01-01-2012,1,255
PROPORTION UMEMPLOYED Total (1000),01-01-2012,1,279
PROPORTION UMEMPLOYED Total (1000),01-01-2012,1,322
UR Total(1000),01-01-2012,1,0
UR Total(1000),01-01-2012,1,3
UR Total(1000),01-01-2012,1,7
UR Total(1000),01-01-2012,1,9
UR Total(1000),01-01-2012,1,17
UR Total(1000),01-01-2012,1,18
UR Total(1000),01-01-2012,1,19
UR Total(1000),01-01-2012,1,24
UR Total(1000),01-01-2012,1,26
UR Total(1000),01-01-2012,1,37
UR Total(1000),01-01-2012,1,42
UR Total(1000),01-01-2012,1,42
UR Total(1000),01-01-2012,1,43
UR Total(1000),01-01-2012,1,45
UR Total(1000),01-01-2012,1,45
UR Total(1000),01-01-2012,1,45
UR Total(1000),01-01-2012,1,46
UR Total(1000),01-01-2012,1,46
UR Total(1000),01-01-2012,1,48
UR Total(1000),01-01-2012,1,48
UR Total(1000),01-01-2012,1,49
UR Total(1000),01-01-2012,1,53
UR Total(1000),01-01-2012,1,54
UR Total(1000),01-01-2012,1,55
UR Total(1000),01-01-2012,1,57
UR Total(1000),01-01-2012,1,57
UR Total(1000),01-01-2012,1,60
UR Total(1000),01-01-2012,1,61
UR Total(1000),01-01-2012,1,62
UR Total(1000),01-01-2012,1,62
UR Total(1000),01-01-2012,1,63
UR Total(1000),01-01-2012,1,64
UR Total(1000),01-01-2012,1,64
UR Total(1000),01-01-2012,1,67
UR Total(1000),01-01-2012,1,73
UR Total(1000),01-01-2012,1,76
UR Total(1000),01-01-2012,1,79
UR Total(1000),01-01-2012,1,80
UR Total(1000),01-01-2012,1,86
UR Total(1000),01-01-2012,1,87
UR Total(1000),01-01-2012,1,97
UR Total(1000),01-01-2012,1,99
UR Total(1000),01-01-2012,1,103
UR Total(1000),01-01-2012,1,105
UR Total(1000),01-01-2012,1,113
UR Total(1000),01-01-2012,1,113
UR Total(1000),01-01-2012,1,117
UR Total(1000),01-01-2012,1,126
UR Total(1000),01-01-2012,1,126
UR Total(1000),01-01-2012,1,127
UR Total(1000),01-01-2012,1,130
UR Total(1000),01-01-2012,1,132
UR Total(1000),01-01-2012,1,135
UR Total(1000),01-01-2012,1,140
UR Total(1000),01-01-2012,1,140
UR Total(1000),01-01-2012,1,141
UR Total(1000),01-01-2012,1,142
UR Total(1000),01-01-2012,1,143
UR Total(1000),01-01-2012,1,143
UR Total(1000),01-01-2012,1,144
UR Total(1000),01-01-2012,1,145
UR Total(1000),01-01-2012,1,148
UR Total(1000),01-01-2012,1,152
UR Total(1000),01-01-2012,1,157
UR Total(1000),01-01-2012,1,163
UR Total(1000),01-01-2012,1,168
UR Total(1000),01-01-2012,1,170
UR Total(1000),01-01-2012,1,172
UR Total(1000),01-01-2012,1,176
UR Total(1000),01-01-2012,1,181
UR Total(1000),01-01-2012,1,184
UR Total(1000),01-01-2012,1,185
UR Total(1000),01-01-2012,1,190
UR Total(1000),01-01-2012,1,200
UR Total(1000),01-01-2012,1,202
UR Total(1000),01-01-2012,1,204
UR Total(1000),01-01-2012,1,218
UR Total(1000),01-01-2012,1,226
UR Total(1000),01-01-2012,1,245
UR Total(1000),01-01-2012,1,246
UR Total(1000),01-01-2012,1,250
UR Total(1000),01-01-2012,1,261
UR Total(1000),01-01-2012,1,264
UR Total(1000),01-01-2012,1,265
UR Total(1000),01-01-2012,1,279
UR Total(1000),01-01-2012,1,296
UR Total(1000),01-01-2012,1,304
UR Total(1000),01-01-2012,1,351
UR Total(1000),01-01-2012,1,352
UR Total(1000),01-01-2012,1,356
UR Total(1000),01-01-2012,1,357
UR Total(1000),01-01-2012,1,390
UR Total(1000),01-01-2012,1,410
UR Total(1000),01-01-2012,1,415
UR Total(1000),01-01-2012,1,431
UR Total(1000),01-01-2012,1,442
UR Total(1000),01-01-2012,1,491
UR Total(1000),01-01-2012,1,493
UR Total(1000),01-01-2012,1,510
UR Total(1000),01-01-2012,1,534
UR Total(1000),01-01-2012,1,542
UR Total(1000),01-01-2012,1,585
UR Total(1000),01-01-2012,1,616
UR Total(1000),01-01-2012,1,643
Worker Population Ratio Total,01-01-2012,1,565
Worker Population Ratio Total,01-01-2012,1,655
Worker Population Ratio Total,01-01-2012,1,741
Worker Population Ratio Total,01-01-2012,1,750
Worker Population Ratio Total,01-01-2012,1,757
Worker Population Ratio Total,01-01-2012,1,760
Worker Population Ratio Total,01-01-2012,1,763
Worker Population Ratio Total,01-01-2012,1,764
Worker Population Ratio Total,01-01-2012,1,771
Worker Population Ratio Total,01-01-2012,1,771
Worker Population Ratio Total,01-01-2012,1,778
Worker Population Ratio Total,01-01-2012,1,779
Worker Population Ratio Total,01-01-2012,1,781
Worker Population Ratio Total,01-01-2012,1,782
Worker Population Ratio Total,01-01-2012,1,789
Worker Population Ratio Total,01-01-2012,1,789
Worker Population Ratio Total,01-01-2012,1,793
Worker Population Ratio Total,01-01-2012,1,797
Worker Population Ratio Total,01-01-2012,1,800
Worker Population Ratio Total,01-01-2012,1,814
Worker Population Ratio Total,01-01-2012,1,822
Worker Population Ratio Total,01-01-2012,1,828
Worker Population Ratio Total,01-01-2012,1,829
Worker Population Ratio Total,01-01-2012,1,833
Worker Population Ratio Total,01-01-2012,1,833
Worker Population Ratio Total,01-01-2012,1,833
Worker Population Ratio Total,01-01-2012,1,836
Worker Population Ratio Total,01-01-2012,1,838
Worker Population Ratio Total,01-01-2012,1,838
Worker Population Ratio Total,01-01-2012,1,840
Worker Population Ratio Total,01-01-2012,1,845
Worker Population Ratio Total,01-01-2012,1,847
Worker Population Ratio Total,01-01-2012,1,849
Worker Population Ratio Total,01-01-2012,1,850
Worker Population Ratio Total,01-01-2012,1,855
Worker Population Ratio Total,01-01-2012,1,860
Worker Population Ratio Total,01-01-2012,1,874
Worker Population Ratio Total,01-01-2012,1,886
Worker Population Ratio Total,01-01-2012,1,889
Worker Population Ratio Total,01-01-2012,1,889
Worker Population Ratio Total,01-01-2012,1,895
Worker Population Ratio Total,01-01-2012,1,895
Worker Population Ratio Total,01-01-2012,1,896
Worker Population Ratio Total,01-01-2012,1,902
Worker Population Ratio Total,01-01-2012,1,904
Worker Population Ratio Total,01-01-2012,1,905
Worker Population Ratio Total,01-01-2012,1,910
Worker Population Ratio Total,01-01-2012,1,910
Worker Population Ratio Total,01-01-2012,1,911
Worker Population Ratio Total,01-01-2012,1,919
Worker Population Ratio Total,01-01-2012,1,925
Worker Population Ratio Total,01-01-2012,1,933
Worker Population Ratio Total,01-01-2012,1,936
Worker Population Ratio Total,01-01-2012,1,945
Worker Population Ratio Total,01-01-2012,1,946
Worker Population Ratio Total,01-01-2012,1,947
Worker Population Ratio Total,01-01-2012,1,951
Worker Population Ratio Total,01-01-2012,1,953
Worker Population Ratio Total,01-01-2012,1,956
Worker Population Ratio Total,01-01-2012,1,958
Worker Population Ratio Total,01-01-2012,1,961
Worker Population Ratio Total,01-01-2012,1,964
Worker Population Ratio Total,01-01-2012,1,968
Worker Population Ratio Total,01-01-2012,1,972
Worker Population Ratio Total,01-01-2012,1,975
Worker Population Ratio Total,01-01-2012,1,981
Worker Population Ratio Total,01-01-2012,1,988
Worker Population Ratio Total,01-01-2012,1,992
Worker Population Ratio Total,01-01-2012,1,998
Worker Population Ratio Total,01-01-2012,1,998
Worker Population Ratio Total,01-01-2012,1,1003
Worker Population Ratio Total,01-01-2012,1,1022
Worker Population Ratio Total,01-01-2012,1,1023
Worker Population Ratio Total,01-01-2012,1,1023
Worker Population Ratio Total,01-01-2012,1,1027
Worker Population Ratio Total,01-01-2012,1,1039
Worker Population Ratio Total,01-01-2012,1,1045
Worker Population Ratio Total,01-01-2012,1,1051
Worker Population Ratio Total,01-01-2012,1,1059
Worker Population Ratio Total,01-01-2012,1,1059
Worker Population Ratio Total,01-01-2012,1,1075
Worker Population Ratio Total,01-01-2012,1,1082
Worker Population Ratio Total,01-01-2012,1,1095
Worker Population Ratio Total,01-01-2012,1,1097
Worker Population Ratio Total,01-01-2012,1,1106
Worker Population Ratio Total,01-01-2012,1,1111
Worker Population Ratio Total,01-01-2012,1,1130
Worker Population Ratio Total,01-01-2012,1,1136
Worker Population Ratio Total,01-01-2012,1,1141
Worker Population Ratio Total,01-01-2012,1,1152
Worker Population Ratio Total,01-01-2012,1,1154
Worker Population Ratio Total,01-01-2012,1,1163
Worker Population Ratio Total,01-01-2012,1,1174
Worker Population Ratio Total,01-01-2012,1,1197
Worker Population Ratio Total,01-01-2012,1,1238
Worker Population Ratio Total,01-01-2012,1,1248
Worker Population Ratio Total,01-01-2012,1,1255
Worker Population Ratio Total,01-01-2012,1,1264
Worker Population Ratio Total,01-01-2012,1,1292
Worker Population Ratio Total,01-01-2012,1,1300
Worker Population Ratio Total,01-01-2012,1,1311
Worker Population Ratio Total,01-01-2012,1,1324
Worker Population Ratio Total,01-01-2012,1,1326
Worker Population Ratio Total,01-01-2012,1,1351
Labour Force Participation Rate TOTAL,01-01-2013,1,712
Labour Force Participation Rate TOTAL,01-01-2013,1,731
Labour Force Participation Rate TOTAL,01-01-2013,1,734
Labour Force Participation Rate TOTAL,01-01-2013,1,739
Labour Force Participation Rate TOTAL,01-01-2013,1,754
Labour Force Participation Rate TOTAL,01-01-2013,1,789
Labour Force Participation Rate TOTAL,01-01-2013,1,802
Labour Force Participation Rate TOTAL,01-01-2013,1,807
Labour Force Participation Rate TOTAL,01-01-2013,1,809
Labour Force Participation Rate TOTAL,01-01-2013,1,809
Labour Force Participation Rate TOTAL,01-01-2013,1,819
Labour Force Participation Rate TOTAL,01-01-2013,1,821
Labour Force Participation Rate TOTAL,01-01-2013,1,825
Labour Force Participation Rate TOTAL,01-01-2013,1,829
Labour Force Participation Rate TOTAL,01-01-2013,1,830
Labour Force Participation Rate TOTAL,01-01-2013,1,832
Labour Force Participation Rate TOTAL,01-01-2013,1,836
Labour Force Participation Rate TOTAL,01-01-2013,1,844
Labour Force Participation Rate TOTAL,01-01-2013,1,845
Labour Force Participation Rate TOTAL,01-01-2013,1,846
Labour Force Participation Rate TOTAL,01-01-2013,1,847
Labour Force Participation Rate TOTAL,01-01-2013,1,847
Labour Force Participation Rate TOTAL,01-01-2013,1,848
Labour Force Participation Rate TOTAL,01-01-2013,1,849
Labour Force Participation Rate TOTAL,01-01-2013,1,850
Labour Force Participation Rate TOTAL,01-01-2013,1,854
Labour Force Participation Rate TOTAL,01-01-2013,1,857
Labour Force Participation Rate TOTAL,01-01-2013,1,858
Labour Force Participation Rate TOTAL,01-01-2013,1,861
Labour Force Participation Rate TOTAL,01-01-2013,1,864
Labour Force Participation Rate TOTAL,01-01-2013,1,868
Labour Force Participation Rate TOTAL,01-01-2013,1,873
Labour Force Participation Rate TOTAL,01-01-2013,1,873
Labour Force Participation Rate TOTAL,01-01-2013,1,876
Labour Force Participation Rate TOTAL,01-01-2013,1,881
Labour Force Participation Rate TOTAL,01-01-2013,1,884
Labour Force Participation Rate TOTAL,01-01-2013,1,898
Labour Force Participation Rate TOTAL,01-01-2013,1,899
Labour Force Participation Rate TOTAL,01-01-2013,1,908
Labour Force Participation Rate TOTAL,01-01-2013,1,910
Labour Force Participation Rate TOTAL,01-01-2013,1,914
Labour Force Participation Rate TOTAL,01-01-2013,1,917
Labour Force Participation Rate TOTAL,01-01-2013,1,930
Labour Force Participation Rate TOTAL,01-01-2013,1,937
Labour Force Participation Rate TOTAL,01-01-2013,1,939
Labour Force Participation Rate TOTAL,01-01-2013,1,939
Labour Force Participation Rate TOTAL,01-01-2013,1,944
Labour Force Participation Rate TOTAL,01-01-2013,1,947
Labour Force Participation Rate TOTAL,01-01-2013,1,957
Labour Force Participation Rate TOTAL,01-01-2013,1,957
Labour Force Participation Rate TOTAL,01-01-2013,1,959
Labour Force Participation Rate TOTAL,01-01-2013,1,961
Labour Force Participation Rate TOTAL,01-01-2013,1,970
Labour Force Participation Rate TOTAL,01-01-2013,1,970
Labour Force Participation Rate TOTAL,01-01-2013,1,972
Labour Force Participation Rate TOTAL,01-01-2013,1,973
Labour Force Participation Rate TOTAL,01-01-2013,1,979
Labour Force Participation Rate TOTAL,01-01-2013,1,983
Labour Force Participation Rate TOTAL,01-01-2013,1,983
Labour Force Participation Rate TOTAL,01-01-2013,1,987
Labour Force Participation Rate TOTAL,01-01-2013,1,992
Labour Force Participation Rate TOTAL,01-01-2013,1,994
Labour Force Participation Rate TOTAL,01-01-2013,1,999
Labour Force Participation Rate TOTAL,01-01-2013,1,1001
Labour Force Participation Rate TOTAL,01-01-2013,1,1001
Labour Force Participation Rate TOTAL,01-01-2013,1,1002
Labour Force Participation Rate TOTAL,01-01-2013,1,1008
Labour Force Participation Rate TOTAL,01-01-2013,1,1008
Labour Force Participation Rate TOTAL,01-01-2013,1,1010
Labour Force Participation Rate TOTAL,01-01-2013,1,1013
Labour Force Participation Rate TOTAL,01-01-2013,1,1016
Labour Force Participation Rate TOTAL,01-01-2013,1,1017
Labour Force Participation Rate TOTAL,01-01-2013,1,1018
Labour Force Participation Rate TOTAL,01-01-2013,1,1020
Labour Force Participation Rate TOTAL,01-01-2013,1,1023
Labour Force Participation Rate TOTAL,01-01-2013,1,1031
Labour Force Participation Rate TOTAL,01-01-2013,1,1033
Labour Force Participation Rate TOTAL,01-01-2013,1,1033
Labour Force Participation Rate TOTAL,01-01-2013,1,1051
Labour Force Participation Rate TOTAL,01-01-2013,1,1063
Labour Force Participation Rate TOTAL,01-01-2013,1,1067
Labour Force Participation Rate TOTAL,01-01-2013,1,1084
Labour Force Participation Rate TOTAL,01-01-2013,1,1084
Labour Force Participation Rate TOTAL,01-01-2013,1,1104
Labour Force Participation Rate TOTAL,01-01-2013,1,1117
Labour Force Participation Rate TOTAL,01-01-2013,1,1127
Labour Force Participation Rate TOTAL,01-01-2013,1,1147
Labour Force Participation Rate TOTAL,01-01-2013,1,1149
Labour Force Participation Rate TOTAL,01-01-2013,1,1150
Labour Force Participation Rate TOTAL,01-01-2013,1,1166
Labour Force Participation Rate TOTAL,01-01-2013,1,1175
Labour Force Participation Rate TOTAL,01-01-2013,1,1177
Labour Force Participation Rate TOTAL,01-01-2013,1,1189
Labour Force Participation Rate TOTAL,01-01-2013,1,1201
Labour Force Participation Rate TOTAL,01-01-2013,1,1203
Labour Force Participation Rate TOTAL,01-01-2013,1,1209
Labour Force Participation Rate TOTAL,01-01-2013,1,1211
Labour Force Participation Rate TOTAL,01-01-2013,1,1213
Labour Force Participation Rate TOTAL,01-01-2013,1,1242
Labour Force Participation Rate TOTAL,01-01-2013,1,1246
Labour Force Participation Rate TOTAL,01-01-2013,1,1246
Labour Force Participation Rate TOTAL,01-01-2013,1,1250
Labour Force Participation Rate TOTAL,01-01-2013,1,1259
Labour Force Participation Rate TOTAL,01-01-2013,1,1277
Labour Force Participation Rate TOTAL,01-01-2013,1,1283
PROPORTION UMEMPLOYED Total (1000),01-01-2013,1,8
PROPORTION UMEMPLOYED Total (1000),01-01-2013,1,11
PROPORTION UMEMPLOYED Total (1000),01-01-2013,1,13
PROPORTION UMEMPLOYED Total (1000),01-01-2013,1,13
PROPORTION UMEMPLOYED Total (1000),01-01-2013,1,14
PROPORTION UMEMPLOYED Total (1000),01-01-2013,1,17
PROPORTION UMEMPLOYED Total (1000),01-01-2013,1,20
PROPORTION UMEMPLOYED Total (1000),01-01-2013,1,20
PROPORTION UMEMPLOYED Total (1000),01-01-2013,1,20
PROPORTION UMEMPLOYED Total (1000),01-01-2013,1,20
PROPORTION UMEMPLOYED Total (1000),01-01-2013,1,22
PROPORTION UMEMPLOYED Total (1000),01-01-2013,1,24
PROPORTION UMEMPLOYED Total (1000),01-01-2013,1,24
PROPORTION UMEMPLOYED Total (1000),01-01-2013,1,24
PROPORTION UMEMPLOYED Total (1000),01-01-2013,1,24
PROPORTION UMEMPLOYED Total (1000),01-01-2013,1,24
PROPORTION UMEMPLOYED Total (1000),01-01-2013,1,24
PROPORTION UMEMPLOYED Total (1000),01-01-2013,1,26
PROPORTION UMEMPLOYED Total (1000),01-01-2013,1,26
PROPORTION UMEMPLOYED Total (1000),01-01-2013,1,26
PROPORTION UMEMPLOYED Total (1000),01-01-2013,1,28
PROPORTION UMEMPLOYED Total (1000),01-01-2013,1,28
PROPORTION UMEMPLOYED Total (1000),01-01-2013,1,28
PROPORTION UMEMPLOYED Total (1000),01-01-2013,1,29
PROPORTION UMEMPLOYED Total (1000),01-01-2013,1,29
PROPORTION UMEMPLOYED Total (1000),01-01-2013,1,30
PROPORTION UMEMPLOYED Total (1000),01-01-2013,1,31
PROPORTION UMEMPLOYED Total (1000),01-01-2013,1,32
PROPORTION UMEMPLOYED Total (1000),01-01-2013,1,33
PROPORTION UMEMPLOYED Total (1000),01-01-2013,1,33
PROPORTION UMEMPLOYED Total (1000),01-01-2013,1,34
PROPORTION UMEMPLOYED Total (1000),01-01-2013,1,36
PROPORTION UMEMPLOYED Total (1000),01-01-2013,1,36
PROPORTION UMEMPLOYED Total (1000),01-01-2013,1,38
PROPORTION UMEMPLOYED Total (1000),01-01-2013,1,38
PROPORTION UMEMPLOYED Total (1000),01-01-2013,1,39
PROPORTION UMEMPLOYED Total (1000),01-01-2013,1,40
PROPORTION UMEMPLOYED Total (1000),01-01-2013,1,40
PROPORTION UMEMPLOYED Total (1000),01-01-2013,1,41
PROPORTION UMEMPLOYED Total (1000),01-01-2013,1,43
PROPORTION UMEMPLOYED Total (1000),01-01-2013,1,43
PROPORTION UMEMPLOYED Total (1000),01-01-2013,1,44
PROPORTION UMEMPLOYED Total (1000),01-01-2013,1,44
PROPORTION UMEMPLOYED Total (1000),01-01-2013,1,45
PROPORTION UMEMPLOYED Total (1000),01-01-2013,1,45
PROPORTION UMEMPLOYED Total (1000),01-01-2013,1,46
PROPORTION UMEMPLOYED Total (1000),01-01-2013,1,48
PROPORTION UMEMPLOYED Total (1000),01-01-2013,1,48
PROPORTION UMEMPLOYED Total (1000),01-01-2013,1,48
PROPORTION UMEMPLOYED Total (1000),01-01-2013,1,49
PROPORTION UMEMPLOYED Total (1000),01-01-2013,1,51
PROPORTION UMEMPLOYED Total (1000),01-01-2013,1,52
PROPORTION UMEMPLOYED Total (1000),01-01-2013,1,52
PROPORTION UMEMPLOYED Total (1000),01-01-2013,1,53
PROPORTION UMEMPLOYED Total (1000),01-01-2013,1,53
PROPORTION UMEMPLOYED Total (1000),01-01-2013,1,53
PROPORTION UMEMPLOYED Total (1000),01-01-2013,1,53
PROPORTION UMEMPLOYED Total (1000),01-01-2013,1,54
PROPORTION UMEMPLOYED Total (1000),01-01-2013,1,58
PROPORTION UMEMPLOYED Total (1000),01-01-2013,1,60
PROPORTION UMEMPLOYED Total (1000),01-01-2013,1,61
PROPORTION UMEMPLOYED Total (1000),01-01-2013,1,65
PROPORTION UMEMPLOYED Total (1000),01-01-2013,1,67
PROPORTION UMEMPLOYED Total (1000),01-01-2013,1,68
PROPORTION UMEMPLOYED Total (1000),01-01-2013,1,69
PROPORTION UMEMPLOYED Total (1000),01-01-2013,1,71
PROPORTION UMEMPLOYED Total (1000),01-01-2013,1,73
PROPORTION UMEMPLOYED Total (1000),01-01-2013,1,73
PROPORTION UMEMPLOYED Total (1000),01-01-2013,1,74
PROPORTION UMEMPLOYED Total (1000),01-01-2013,1,74
PROPORTION UMEMPLOYED Total (1000),01-01-2013,1,75
PROPORTION UMEMPLOYED Total (1000),01-01-2013,1,76
PROPORTION UMEMPLOYED Total (1000),01-01-2013,1,76
PROPORTION UMEMPLOYED Total (1000),01-01-2013,1,77
PROPORTION UMEMPLOYED Total (1000),01-01-2013,1,78
PROPORTION UMEMPLOYED Total (1000),01-01-2013,1,80
PROPORTION UMEMPLOYED Total (1000),01-01-2013,1,82
PROPORTION UMEMPLOYED Total (1000),01-01-2013,1,82
PROPORTION UMEMPLOYED Total (1000),01-01-2013,1,83
PROPORTION UMEMPLOYED Total (1000),01-01-2013,1,86
PROPORTION UMEMPLOYED Total (1000),01-01-2013,1,86
PROPORTION UMEMPLOYED Total (1000),01-01-2013,1,86
PROPORTION UMEMPLOYED Total (1000),01-01-2013,1,88
PROPORTION UMEMPLOYED Total (1000),01-01-2013,1,88
PROPORTION UMEMPLOYED Total (1000),01-01-2013,1,89
PROPORTION UMEMPLOYED Total (1000),01-01-2013,1,90
PROPORTION UMEMPLOYED Total (1000),01-01-2013,1,90
PROPORTION UMEMPLOYED Total (1000),01-01-2013,1,98
PROPORTION UMEMPLOYED Total (1000),01-01-2013,1,98
PROPORTION UMEMPLOYED Total (1000),01-01-2013,1,99
PROPORTION UMEMPLOYED Total (1000),01-01-2013,1,99
PROPORTION UMEMPLOYED Total (1000),01-01-2013,1,100
PROPORTION UMEMPLOYED Total (1000),01-01-2013,1,110
PROPORTION UMEMPLOYED Total (1000),01-01-2013,1,116
PROPORTION UMEMPLOYED Total (1000),01-01-2013,1,118
PROPORTION UMEMPLOYED Total (1000),01-01-2013,1,124
PROPORTION UMEMPLOYED Total (1000),01-01-2013,1,127
PROPORTION UMEMPLOYED Total (1000),01-01-2013,1,131
PROPORTION UMEMPLOYED Total (1000),01-01-2013,1,138
PROPORTION UMEMPLOYED Total (1000),01-01-2013,1,158
PROPORTION UMEMPLOYED Total (1000),01-01-2013,1,164
PROPORTION UMEMPLOYED Total (1000),01-01-2013,1,164
PROPORTION UMEMPLOYED Total (1000),01-01-2013,1,165
PROPORTION UMEMPLOYED Total (1000),01-01-2013,1,166
PROPORTION UMEMPLOYED Total (1000),01-01-2013,1,206
UR Total(1000),01-01-2013,1,16
UR Total(1000),01-01-2013,1,17
UR Total(1000),01-01-2013,1,19
UR Total(1000),01-01-2013,1,21
UR Total(1000),01-01-2013,1,32
UR Total(1000),01-01-2013,1,32
UR Total(1000),01-01-2013,1,36
UR Total(1000),01-01-2013,1,41
UR Total(1000),01-01-2013,1,46
UR Total(1000),01-01-2013,1,49
UR Total(1000),01-01-2013,1,50
UR Total(1000),01-01-2013,1,51
UR Total(1000),01-01-2013,1,53
UR Total(1000),01-01-2013,1,54
UR Total(1000),01-01-2013,1,54
UR Total(1000),01-01-2013,1,54
UR Total(1000),01-01-2013,1,55
UR Total(1000),01-01-2013,1,56
UR Total(1000),01-01-2013,1,56
UR Total(1000),01-01-2013,1,68
UR Total(1000),01-01-2013,1,70
UR Total(1000),01-01-2013,1,71
UR Total(1000),01-01-2013,1,73
UR Total(1000),01-01-2013,1,73
UR Total(1000),01-01-2013,1,74
UR Total(1000),01-01-2013,1,76
UR Total(1000),01-01-2013,1,77
UR Total(1000),01-01-2013,1,82
UR Total(1000),01-01-2013,1,85
UR Total(1000),01-01-2013,1,85
UR Total(1000),01-01-2013,1,96
UR Total(1000),01-01-2013,1,97
UR Total(1000),01-01-2013,1,106
UR Total(1000),01-01-2013,1,107
UR Total(1000),01-01-2013,1,108
UR Total(1000),01-01-2013,1,110
UR Total(1000),01-01-2013,1,111
UR Total(1000),01-01-2013,1,114
UR Total(1000),01-01-2013,1,115
UR Total(1000),01-01-2013,1,119
UR Total(1000),01-01-2013,1,127
UR Total(1000),01-01-2013,1,129
UR Total(1000),01-01-2013,1,132
UR Total(1000),01-01-2013,1,134
UR Total(1000),01-01-2013,1,137
UR Total(1000),01-01-2013,1,137
UR Total(1000),01-01-2013,1,138
UR Total(1000),01-01-2013,1,143
UR Total(1000),01-01-2013,1,149
UR Total(1000),01-01-2013,1,154
UR Total(1000),01-01-2013,1,159
UR Total(1000),01-01-2013,1,163
UR Total(1000),01-01-2013,1,166
UR Total(1000),01-01-2013,1,168
UR Total(1000),01-01-2013,1,177
UR Total(1000),01-01-2013,1,180
UR Total(1000),01-01-2013,1,185
UR Total(1000),01-01-2013,1,185
UR Total(1000),01-01-2013,1,187
UR Total(1000),01-01-2013,1,187
UR Total(1000),01-01-2013,1,188
UR Total(1000),01-01-2013,1,188
UR Total(1000),01-01-2013,1,192
UR Total(1000),01-01-2013,1,195
UR Total(1000),01-01-2013,1,199
UR Total(1000),01-01-2013,1,199
UR Total(1000),01-01-2013,1,200
UR Total(1000),01-01-2013,1,202
UR Total(1000),01-01-2013,1,208
UR Total(1000),01-01-2013,1,213
UR Total(1000),01-01-2013,1,238
UR Total(1000),01-01-2013,1,240
UR Total(1000),01-01-2013,1,241
UR Total(1000),01-01-2013,1,252
UR Total(1000),01-01-2013,1,268
UR Total(1000),01-01-2013,1,273
UR Total(1000),01-01-2013,1,277
UR Total(1000),01-01-2013,1,282
UR Total(1000),01-01-2013,1,288
UR Total(1000),01-01-2013,1,296
UR Total(1000),01-01-2013,1,297
UR Total(1000),01-01-2013,1,299
UR Total(1000),01-01-2013,1,300
UR Total(1000),01-01-2013,1,301
UR Total(1000),01-01-2013,1,307
UR Total(1000),01-01-2013,1,311
UR Total(1000),01-01-2013,1,313
UR Total(1000),01-01-2013,1,314
UR Total(1000),01-01-2013,1,318
UR Total(1000),01-01-2013,1,322
UR Total(1000),01-01-2013,1,341
UR Total(1000),01-01-2013,1,344
UR Total(1000),01-01-2013,1,349
UR Total(1000),01-01-2013,1,350
UR Total(1000),01-01-2013,1,355
UR Total(1000),01-01-2013,1,357
UR Total(1000),01-01-2013,1,371
UR Total(1000),01-01-2013,1,375
UR Total(1000),01-01-2013,1,375
UR Total(1000),01-01-2013,1,392
UR Total(1000),01-01-2013,1,396
UR Total(1000),01-01-2013,1,421
UR Total(1000),01-01-2013,1,469
UR Total(1000),01-01-2013,1,474
UR Total(1000),01-01-2013,1,482
Worker Population Ratio Total,01-01-2013,1,622
Worker Population Ratio Total,01-01-2013,1,696
Worker Population Ratio Total,01-01-2013,1,712
Worker Population Ratio Total,01-01-2013,1,722
Worker Population Ratio Total,01-01-2013,1,738
Worker Population Ratio Total,01-01-2013,1,740
Worker Population Ratio Total,01-01-2013,1,745
Worker Population Ratio Total,01-01-2013,1,758
Worker Population Ratio Total,01-01-2013,1,758
Worker Population Ratio Total,01-01-2013,1,761
Worker Population Ratio Total,01-01-2013,1,765
Worker Population Ratio Total,01-01-2013,1,765
Worker Population Ratio Total,01-01-2013,1,768
Worker Population Ratio Total,01-01-2013,1,769
Worker Population Ratio Total,01-01-2013,1,774
Worker Population Ratio Total,01-01-2013,1,777
Worker Population Ratio Total,01-01-2013,1,780
Worker Population Ratio Total,01-01-2013,1,783
Worker Population Ratio Total,01-01-2013,1,784
Worker Population Ratio Total,01-01-2013,1,786
Worker Population Ratio Total,01-01-2013,1,791
Worker Population Ratio Total,01-01-2013,1,791
Worker Population Ratio Total,01-01-2013,1,793
Worker Population Ratio Total,01-01-2013,1,797
Worker Population Ratio Total,01-01-2013,1,798
Worker Population Ratio Total,01-01-2013,1,799
Worker Population Ratio Total,01-01-2013,1,806
Worker Population Ratio Total,01-01-2013,1,806
Worker Population Ratio Total,01-01-2013,1,807
Worker Population Ratio Total,01-01-2013,1,809
Worker Population Ratio Total,01-01-2013,1,811
Worker Population Ratio Total,01-01-2013,1,813
Worker Population Ratio Total,01-01-2013,1,815
Worker Population Ratio Total,01-01-2013,1,819
Worker Population Ratio Total,01-01-2013,1,821
Worker Population Ratio Total,01-01-2013,1,823
Worker Population Ratio Total,01-01-2013,1,827
Worker Population Ratio Total,01-01-2013,1,831
Worker Population Ratio Total,01-01-2013,1,840
Worker Population Ratio Total,01-01-2013,1,844
Worker Population Ratio Total,01-01-2013,1,856
Worker Population Ratio Total,01-01-2013,1,863
Worker Population Ratio Total,01-01-2013,1,865
Worker Population Ratio Total,01-01-2013,1,866
Worker Population Ratio Total,01-01-2013,1,870
Worker Population Ratio Total,01-01-2013,1,871
Worker Population Ratio Total,01-01-2013,1,876
Worker Population Ratio Total,01-01-2013,1,877
Worker Population Ratio Total,01-01-2013,1,879
Worker Population Ratio Total,01-01-2013,1,880
Worker Population Ratio Total,01-01-2013,1,881
Worker Population Ratio Total,01-01-2013,1,885
Worker Population Ratio Total,01-01-2013,1,890
Worker Population Ratio Total,01-01-2013,1,892
Worker Population Ratio Total,01-01-2013,1,892
Worker Population Ratio Total,01-01-2013,1,895
Worker Population Ratio Total,01-01-2013,1,901
Worker Population Ratio Total,01-01-2013,1,907
Worker Population Ratio Total,01-01-2013,1,908
Worker Population Ratio Total,01-01-2013,1,909
Worker Population Ratio Total,01-01-2013,1,910
Worker Population Ratio Total,01-01-2013,1,913
Worker Population Ratio Total,01-01-2013,1,918
Worker Population Ratio Total,01-01-2013,1,918
Worker Population Ratio Total,01-01-2013,1,921
Worker Population Ratio Total,01-01-2013,1,921
Worker Population Ratio Total,01-01-2013,1,923
Worker Population Ratio Total,01-01-2013,1,926
Worker Population Ratio Total,01-01-2013,1,946
Worker Population Ratio Total,01-01-2013,1,947
Worker Population Ratio Total,01-01-2013,1,953
Worker Population Ratio Total,01-01-2013,1,963
Worker Population Ratio Total,01-01-2013,1,971
Worker Population Ratio Total,01-01-2013,1,973
Worker Population Ratio Total,01-01-2013,1,974
Worker Population Ratio Total,01-01-2013,1,975
Worker Population Ratio Total,01-01-2013,1,976
Worker Population Ratio Total,01-01-2013,1,991
Worker Population Ratio Total,01-01-2013,1,993
Worker Population Ratio Total,01-01-2013,1,1000
Worker Population Ratio Total,01-01-2013,1,1009
Worker Population Ratio Total,01-01-2013,1,1010
Worker Population Ratio Total,01-01-2013,1,1011
Worker Population Ratio Total,01-01-2013,1,1028
Worker Population Ratio Total,01-01-2013,1,1037
Worker Population Ratio Total,01-01-2013,1,1053
Worker Population Ratio Total,01-01-2013,1,1062
Worker Population Ratio Total,01-01-2013,1,1075
Worker Population Ratio Total,01-01-2013,1,1080
Worker Population Ratio Total,01-01-2013,1,1094
Worker Population Ratio Total,01-01-2013,1,1096
Worker Population Ratio Total,01-01-2013,1,1107
Worker Population Ratio Total,01-01-2013,1,1121
Worker Population Ratio Total,01-01-2013,1,1134
Worker Population Ratio Total,01-01-2013,1,1136
Worker Population Ratio Total,01-01-2013,1,1148
Worker Population Ratio Total,01-01-2013,1,1157
Worker Population Ratio Total,01-01-2013,1,1167
Worker Population Ratio Total,01-01-2013,1,1180
Worker Population Ratio Total,01-01-2013,1,1186
Worker Population Ratio Total,01-01-2013,1,1198
Worker Population Ratio Total,01-01-2013,1,1210
Worker Population Ratio Total,01-01-2013,1,1224
Worker Population Ratio Total,01-01-2013,1,1259
Worker Population Ratio Total,01-01-2013,1,1266
Labour Force Participation Rate TOTAL,01-01-2014,1,701
Labour Force Participation Rate TOTAL,01-01-2014,1,762
Labour Force Participation Rate TOTAL,01-01-2014,1,766
Labour Force Participation Rate TOTAL,01-01-2014,1,775
Labour Force Participation Rate TOTAL,01-01-2014,1,785
Labour Force Participation Rate TOTAL,01-01-2014,1,787
Labour Force Participation Rate TOTAL,01-01-2014,1,800
Labour Force Participation Rate TOTAL,01-01-2014,1,801
Labour Force Participation Rate TOTAL,01-01-2014,1,802
Labour Force Participation Rate TOTAL,01-01-2014,1,812
Labour Force Participation Rate TOTAL,01-01-2014,1,814
Labour Force Participation Rate TOTAL,01-01-2014,1,814
Labour Force Participation Rate TOTAL,01-01-2014,1,815
Labour Force Participation Rate TOTAL,01-01-2014,1,823
Labour Force Participation Rate TOTAL,01-01-2014,1,832
Labour Force Participation Rate TOTAL,01-01-2014,1,833
Labour Force Participation Rate TOTAL,01-01-2014,1,838
Labour Force Participation Rate TOTAL,01-01-2014,1,840
Labour Force Participation Rate TOTAL,01-01-2014,1,846
Labour Force Participation Rate TOTAL,01-01-2014,1,847
Labour Force Participation Rate TOTAL,01-01-2014,1,853
Labour Force Participation Rate TOTAL,01-01-2014,1,855
Labour Force Participation Rate TOTAL,01-01-2014,1,869
Labour Force Participation Rate TOTAL,01-01-2014,1,888
Labour Force Participation Rate TOTAL,01-01-2014,1,901
Labour Force Participation Rate TOTAL,01-01-2014,1,908
Labour Force Participation Rate TOTAL,01-01-2014,1,917
Labour Force Participation Rate TOTAL,01-01-2014,1,917
Labour Force Participation Rate TOTAL,01-01-2014,1,926
Labour Force Participation Rate TOTAL,01-01-2014,1,942
Labour Force Participation Rate TOTAL,01-01-2014,1,944
Labour Force Participation Rate TOTAL,01-01-2014,1,953
Labour Force Participation Rate TOTAL,01-01-2014,1,953
Labour Force Participation Rate TOTAL,01-01-2014,1,958
Labour Force Participation Rate TOTAL,01-01-2014,1,958
Labour Force Participation Rate TOTAL,01-01-2014,1,972
Labour Force Participation Rate TOTAL,01-01-2014,1,973
Labour Force Participation Rate TOTAL,01-01-2014,1,976
Labour Force Participation Rate TOTAL,01-01-2014,1,979
Labour Force Participation Rate TOTAL,01-01-2014,1,979
Labour Force Participation Rate TOTAL,01-01-2014,1,981
Labour Force Participation Rate TOTAL,01-01-2014,1,985
Labour Force Participation Rate TOTAL,01-01-2014,1,992
Labour Force Participation Rate TOTAL,01-01-2014,1,993
Labour Force Participation Rate TOTAL,01-01-2014,1,997
Labour Force Participation Rate TOTAL,01-01-2014,1,1010
Labour Force Participation Rate TOTAL,01-01-2014,1,1017
Labour Force Participation Rate TOTAL,01-01-2014,1,1019
Labour Force Participation Rate TOTAL,01-01-2014,1,1020
Labour Force Participation Rate TOTAL,01-01-2014,1,1025
Labour Force Participation Rate TOTAL,01-01-2014,1,1029
Labour Force Participation Rate TOTAL,01-01-2014,1,1032
Labour Force Participation Rate TOTAL,01-01-2014,1,1036
Labour Force Participation Rate TOTAL,01-01-2014,1,1039
Labour Force Participation Rate TOTAL,01-01-2014,1,1045
Labour Force Participation Rate TOTAL,01-01-2014,1,1046
Labour Force Participation Rate TOTAL,01-01-2014,1,1047
Labour Force Participation Rate TOTAL,01-01-2014,1,1052
Labour Force Participation Rate TOTAL,01-01-2014,1,1057
Labour Force Participation Rate TOTAL,01-01-2014,1,1068
Labour Force Participation Rate TOTAL,01-01-2014,1,1074
Labour Force Participation Rate TOTAL,01-01-2014,1,1081
Labour Force Participation Rate TOTAL,01-01-2014,1,1088
Labour Force Participation Rate TOTAL,01-01-2014,1,1100
Labour Force Participation Rate TOTAL,01-01-2014,1,1103
Labour Force Participation Rate TOTAL,01-01-2014,1,1110
Labour Force Participation Rate TOTAL,01-01-2014,1,1110
Labour Force Participation Rate TOTAL,01-01-2014,1,1127
Labour Force Participation Rate TOTAL,01-01-2014,1,1138
Labour Force Participation Rate TOTAL,01-01-2014,1,1146
Labour Force Participation Rate TOTAL,01-01-2014,1,1164
Labour Force Participation Rate TOTAL,01-01-2014,1,1172
Labour Force Participation Rate TOTAL,01-01-2014,1,1172
Labour Force Participation Rate TOTAL,01-01-2014,1,1182
Labour Force Participation Rate TOTAL,01-01-2014,1,1193
Labour Force Participation Rate TOTAL,01-01-2014,1,1198
Labour Force Participation Rate TOTAL,01-01-2014,1,1202
Labour Force Participation Rate TOTAL,01-01-2014,1,1203
Labour Force Participation Rate TOTAL,01-01-2014,1,1204
Labour Force Participation Rate TOTAL,01-01-2014,1,1213
Labour Force Participation Rate TOTAL,01-01-2014,1,1214
Labour Force Participation Rate TOTAL,01-01-2014,1,1219
Labour Force Participation Rate TOTAL,01-01-2014,1,1231
Labour Force Participation Rate TOTAL,01-01-2014,1,1261
Labour Force Participation Rate TOTAL,01-01-2014,1,1265
Labour Force Participation Rate TOTAL,01-01-2014,1,1270
Labour Force Participation Rate TOTAL,01-01-2014,1,1275
Labour Force Participation Rate TOTAL,01-01-2014,1,1292
Labour Force Participation Rate TOTAL,01-01-2014,1,1297
Labour Force Participation Rate TOTAL,01-01-2014,1,1326
Labour Force Participation Rate TOTAL,01-01-2014,1,1333
Labour Force Participation Rate TOTAL,01-01-2014,1,1339
Labour Force Participation Rate TOTAL,01-01-2014,1,1356
Labour Force Participation Rate TOTAL,01-01-2014,1,1373
Labour Force Participation Rate TOTAL,01-01-2014,1,1389
Labour Force Participation Rate TOTAL,01-01-2014,1,1394
Labour Force Participation Rate TOTAL,01-01-2014,1,1397
Labour Force Participation Rate TOTAL,01-01-2014,1,1405
Labour Force Participation Rate TOTAL,01-01-2014,1,1413
Labour Force Participation Rate TOTAL,01-01-2014,1,1420
Labour Force Participation Rate TOTAL,01-01-2014,1,1440
Labour Force Participation Rate TOTAL,01-01-2014,1,1450
Labour Force Participation Rate TOTAL,01-01-2014,1,1478
Labour Force Participation Rate TOTAL,01-01-2014,1,1523
Labour Force Participation Rate TOTAL,01-01-2014,1,1623
PROPORTION UMEMPLOYED Total (1000),01-01-2014,1,6
PROPORTION UMEMPLOYED Total (1000),01-01-2014,1,8
PROPORTION UMEMPLOYED Total (1000),01-01-2014,1,11
PROPORTION UMEMPLOYED Total (1000),01-01-2014,1,17
PROPORTION UMEMPLOYED Total (1000),01-01-2014,1,19
PROPORTION UMEMPLOYED Total (1000),01-01-2014,1,19
PROPORTION UMEMPLOYED Total (1000),01-01-2014,1,20
PROPORTION UMEMPLOYED Total (1000),01-01-2014,1,20
PROPORTION UMEMPLOYED Total (1000),01-01-2014,1,20
PROPORTION UMEMPLOYED Total (1000),01-01-2014,1,21
PROPORTION UMEMPLOYED Total (1000),01-01-2014,1,22
PROPORTION UMEMPLOYED Total (1000),01-01-2014,1,22
PROPORTION UMEMPLOYED Total (1000),01-01-2014,1,22
PROPORTION UMEMPLOYED Total (1000),01-01-2014,1,22
PROPORTION UMEMPLOYED Total (1000),01-01-2014,1,23
PROPORTION UMEMPLOYED Total (1000),01-01-2014,1,24
PROPORTION UMEMPLOYED Total (1000),01-01-2014,1,24
PROPORTION UMEMPLOYED Total (1000),01-01-2014,1,25
PROPORTION UMEMPLOYED Total (1000),01-01-2014,1,25
PROPORTION UMEMPLOYED Total (1000),01-01-2014,1,26
PROPORTION UMEMPLOYED Total (1000),01-01-2014,1,26
PROPORTION UMEMPLOYED Total (1000),01-01-2014,1,27
PROPORTION UMEMPLOYED Total (1000),01-01-2014,1,28
PROPORTION UMEMPLOYED Total (1000),01-01-2014,1,28
PROPORTION UMEMPLOYED Total (1000),01-01-2014,1,29
PROPORTION UMEMPLOYED Total (1000),01-01-2014,1,29
PROPORTION UMEMPLOYED Total (1000),01-01-2014,1,30
PROPORTION UMEMPLOYED Total (1000),01-01-2014,1,30
PROPORTION UMEMPLOYED Total (1000),01-01-2014,1,30
PROPORTION UMEMPLOYED Total (1000),01-01-2014,1,32
PROPORTION UMEMPLOYED Total (1000),01-01-2014,1,34
PROPORTION UMEMPLOYED Total (1000),01-01-2014,1,34
PROPORTION UMEMPLOYED Total (1000),01-01-2014,1,34
PROPORTION UMEMPLOYED Total (1000),01-01-2014,1,34
PROPORTION UMEMPLOYED Total (1000),01-01-2014,1,35
PROPORTION UMEMPLOYED Total (1000),01-01-2014,1,36
PROPORTION UMEMPLOYED Total (1000),01-01-2014,1,36
PROPORTION UMEMPLOYED Total (1000),01-01-2014,1,36
PROPORTION UMEMPLOYED Total (1000),01-01-2014,1,37
PROPORTION UMEMPLOYED Total (1000),01-01-2014,1,37
PROPORTION UMEMPLOYED Total (1000),01-01-2014,1,37
PROPORTION UMEMPLOYED Total (1000),01-01-2014,1,37
PROPORTION UMEMPLOYED Total (1000),01-01-2014,1,38
PROPORTION UMEMPLOYED Total (1000),01-01-2014,1,38
PROPORTION UMEMPLOYED Total (1000),01-01-2014,1,40
PROPORTION UMEMPLOYED Total (1000),01-01-2014,1,40
PROPORTION UMEMPLOYED Total (1000),01-01-2014,1,41
PROPORTION UMEMPLOYED Total (1000),01-01-2014,1,41
PROPORTION UMEMPLOYED Total (1000),01-01-2014,1,41
PROPORTION UMEMPLOYED Total (1000),01-01-2014,1,43
PROPORTION UMEMPLOYED Total (1000),01-01-2014,1,44
PROPORTION UMEMPLOYED Total (1000),01-01-2014,1,44
PROPORTION UMEMPLOYED Total (1000),01-01-2014,1,47
PROPORTION UMEMPLOYED Total (1000),01-01-2014,1,47
PROPORTION UMEMPLOYED Total (1000),01-01-2014,1,47
PROPORTION UMEMPLOYED Total (1000),01-01-2014,1,48
PROPORTION UMEMPLOYED Total (1000),01-01-2014,1,51
PROPORTION UMEMPLOYED Total (1000),01-01-2014,1,51
PROPORTION UMEMPLOYED Total (1000),01-01-2014,1,53
PROPORTION UMEMPLOYED Total (1000),01-01-2014,1,53
PROPORTION UMEMPLOYED Total (1000),01-01-2014,1,54
PROPORTION UMEMPLOYED Total (1000),01-01-2014,1,54
PROPORTION UMEMPLOYED Total (1000),01-01-2014,1,55
PROPORTION UMEMPLOYED Total (1000),01-01-2014,1,55
PROPORTION UMEMPLOYED Total (1000),01-01-2014,1,55
PROPORTION UMEMPLOYED Total (1000),01-01-2014,1,57
PROPORTION UMEMPLOYED Total (1000),01-01-2014,1,57
PROPORTION UMEMPLOYED Total (1000),01-01-2014,1,58
PROPORTION UMEMPLOYED Total (1000),01-01-2014,1,59
PROPORTION UMEMPLOYED Total (1000),01-01-2014,1,61
PROPORTION UMEMPLOYED Total (1000),01-01-2014,1,61
PROPORTION UMEMPLOYED Total (1000),01-01-2014,1,62
PROPORTION UMEMPLOYED Total (1000),01-01-2014,1,62
PROPORTION UMEMPLOYED Total (1000),01-01-2014,1,62
PROPORTION UMEMPLOYED Total (1000),01-01-2014,1,62
PROPORTION UMEMPLOYED Total (1000),01-01-2014,1,68
PROPORTION UMEMPLOYED Total (1000),01-01-2014,1,68
PROPORTION UMEMPLOYED Total (1000),01-01-2014,1,71
PROPORTION UMEMPLOYED Total (1000),01-01-2014,1,72
PROPORTION UMEMPLOYED Total (1000),01-01-2014,1,73
PROPORTION UMEMPLOYED Total (1000),01-01-2014,1,76
PROPORTION UMEMPLOYED Total (1000),01-01-2014,1,77
PROPORTION UMEMPLOYED Total (1000),01-01-2014,1,81
PROPORTION UMEMPLOYED Total (1000),01-01-2014,1,82
PROPORTION UMEMPLOYED Total (1000),01-01-2014,1,86
PROPORTION UMEMPLOYED Total (1000),01-01-2014,1,89
PROPORTION UMEMPLOYED Total (1000),01-01-2014,1,91
PROPORTION UMEMPLOYED Total (1000),01-01-2014,1,92
PROPORTION UMEMPLOYED Total (1000),01-01-2014,1,94
PROPORTION UMEMPLOYED Total (1000),01-01-2014,1,96
PROPORTION UMEMPLOYED Total (1000),01-01-2014,1,96
PROPORTION UMEMPLOYED Total (1000),01-01-2014,1,97
PROPORTION UMEMPLOYED Total (1000),01-01-2014,1,100
PROPORTION UMEMPLOYED Total (1000),01-01-2014,1,100
PROPORTION UMEMPLOYED Total (1000),01-01-2014,1,100
PROPORTION UMEMPLOYED Total (1000),01-01-2014,1,100
PROPORTION UMEMPLOYED Total (1000),01-01-2014,1,101
PROPORTION UMEMPLOYED Total (1000),01-01-2014,1,102
PROPORTION UMEMPLOYED Total (1000),01-01-2014,1,115
PROPORTION UMEMPLOYED Total (1000),01-01-2014,1,117
PROPORTION UMEMPLOYED Total (1000),01-01-2014,1,140
PROPORTION UMEMPLOYED Total (1000),01-01-2014,1,159
PROPORTION UMEMPLOYED Total (1000),01-01-2014,1,162
PROPORTION UMEMPLOYED Total (1000),01-01-2014,1,234
PROPORTION UMEMPLOYED Total (1000),01-01-2014,1,238
UR Total(1000),01-01-2014,1,10
UR Total(1000),01-01-2014,1,16
UR Total(1000),01-01-2014,1,23
UR Total(1000),01-01-2014,1,26
UR Total(1000),01-01-2014,1,27
UR Total(1000),01-01-2014,1,29
UR Total(1000),01-01-2014,1,31
UR Total(1000),01-01-2014,1,31
UR Total(1000),01-01-2014,1,32
UR Total(1000),01-01-2014,1,33
UR Total(1000),01-01-2014,1,35
UR Total(1000),01-01-2014,1,35
UR Total(1000),01-01-2014,1,35
UR Total(1000),01-01-2014,1,37
UR Total(1000),01-01-2014,1,37
UR Total(1000),01-01-2014,1,38
UR Total(1000),01-01-2014,1,38
UR Total(1000),01-01-2014,1,41
UR Total(1000),01-01-2014,1,41
UR Total(1000),01-01-2014,1,42
UR Total(1000),01-01-2014,1,43
UR Total(1000),01-01-2014,1,44
UR Total(1000),01-01-2014,1,45
UR Total(1000),01-01-2014,1,46
UR Total(1000),01-01-2014,1,51
UR Total(1000),01-01-2014,1,51
UR Total(1000),01-01-2014,1,56
UR Total(1000),01-01-2014,1,58
UR Total(1000),01-01-2014,1,59
UR Total(1000),01-01-2014,1,59
UR Total(1000),01-01-2014,1,60
UR Total(1000),01-01-2014,1,64
UR Total(1000),01-01-2014,1,69
UR Total(1000),01-01-2014,1,71
UR Total(1000),01-01-2014,1,74
UR Total(1000),01-01-2014,1,76
UR Total(1000),01-01-2014,1,80
UR Total(1000),01-01-2014,1,81
UR Total(1000),01-01-2014,1,81
UR Total(1000),01-01-2014,1,85
UR Total(1000),01-01-2014,1,85
UR Total(1000),01-01-2014,1,91
UR Total(1000),01-01-2014,1,92
UR Total(1000),01-01-2014,1,92
UR Total(1000),01-01-2014,1,97
UR Total(1000),01-01-2014,1,111
UR Total(1000),01-01-2014,1,112
UR Total(1000),01-01-2014,1,113
UR Total(1000),01-01-2014,1,115
UR Total(1000),01-01-2014,1,116
UR Total(1000),01-01-2014,1,117
UR Total(1000),01-01-2014,1,120
UR Total(1000),01-01-2014,1,120
UR Total(1000),01-01-2014,1,122
UR Total(1000),01-01-2014,1,126
UR Total(1000),01-01-2014,1,128
UR Total(1000),01-01-2014,1,128
UR Total(1000),01-01-2014,1,129
UR Total(1000),01-01-2014,1,130
UR Total(1000),01-01-2014,1,131
UR Total(1000),01-01-2014,1,133
UR Total(1000),01-01-2014,1,135
UR Total(1000),01-01-2014,1,137
UR Total(1000),01-01-2014,1,138
UR Total(1000),01-01-2014,1,139
UR Total(1000),01-01-2014,1,139
UR Total(1000),01-01-2014,1,147
UR Total(1000),01-01-2014,1,158
UR Total(1000),01-01-2014,1,171
UR Total(1000),01-01-2014,1,186
UR Total(1000),01-01-2014,1,186
UR Total(1000),01-01-2014,1,191
UR Total(1000),01-01-2014,1,196
UR Total(1000),01-01-2014,1,204
UR Total(1000),01-01-2014,1,211
UR Total(1000),01-01-2014,1,212
UR Total(1000),01-01-2014,1,213
UR Total(1000),01-01-2014,1,215
UR Total(1000),01-01-2014,1,218
UR Total(1000),01-01-2014,1,218
UR Total(1000),01-01-2014,1,220
UR Total(1000),01-01-2014,1,223
UR Total(1000),01-01-2014,1,226
UR Total(1000),01-01-2014,1,230
UR Total(1000),01-01-2014,1,231
UR Total(1000),01-01-2014,1,235
UR Total(1000),01-01-2014,1,237
UR Total(1000),01-01-2014,1,238
UR Total(1000),01-01-2014,1,241
UR Total(1000),01-01-2014,1,252
UR Total(1000),01-01-2014,1,259
UR Total(1000),01-01-2014,1,260
UR Total(1000),01-01-2014,1,279
UR Total(1000),01-01-2014,1,290
UR Total(1000),01-01-2014,1,296
UR Total(1000),01-01-2014,1,312
UR Total(1000),01-01-2014,1,315
UR Total(1000),01-01-2014,1,328
UR Total(1000),01-01-2014,1,368
UR Total(1000),01-01-2014,1,424
UR Total(1000),01-01-2014,1,441
UR Total(1000),01-01-2014,1,484
UR Total(1000),01-01-2014,1,570
UR Total(1000),01-01-2014,1,635
UR Total(1000),01-01-2014,1,735
Worker Population Ratio Total,01-01-2014,1,638
Worker Population Ratio Total,01-01-2014,1,673
Worker Population Ratio Total,01-01-2014,1,707
Worker Population Ratio Total,01-01-2014,1,715
Worker Population Ratio Total,01-01-2014,1,722
Worker Population Ratio Total,01-01-2014,1,724
Worker Population Ratio Total,01-01-2014,1,737
Worker Population Ratio Total,01-01-2014,1,763
Worker Population Ratio Total,01-01-2014,1,764
Worker Population Ratio Total,01-01-2014,1,764
Worker Population Ratio Total,01-01-2014,1,765
Worker Population Ratio Total,01-01-2014,1,766
Worker Population Ratio Total,01-01-2014,1,775
Worker Population Ratio Total,01-01-2014,1,777
Worker Population Ratio Total,01-01-2014,1,780
Worker Population Ratio Total,01-01-2014,1,782
Worker Population Ratio Total,01-01-2014,1,786
Worker Population Ratio Total,01-01-2014,1,792
Worker Population Ratio Total,01-01-2014,1,800
Worker Population Ratio Total,01-01-2014,1,801
Worker Population Ratio Total,01-01-2014,1,811
Worker Population Ratio Total,01-01-2014,1,814
Worker Population Ratio Total,01-01-2014,1,822
Worker Population Ratio Total,01-01-2014,1,827
Worker Population Ratio Total,01-01-2014,1,840
Worker Population Ratio Total,01-01-2014,1,845
Worker Population Ratio Total,01-01-2014,1,857
Worker Population Ratio Total,01-01-2014,1,858
Worker Population Ratio Total,01-01-2014,1,858
Worker Population Ratio Total,01-01-2014,1,873
Worker Population Ratio Total,01-01-2014,1,874
Worker Population Ratio Total,01-01-2014,1,878
Worker Population Ratio Total,01-01-2014,1,885
Worker Population Ratio Total,01-01-2014,1,889
Worker Population Ratio Total,01-01-2014,1,895
Worker Population Ratio Total,01-01-2014,1,898
Worker Population Ratio Total,01-01-2014,1,899
Worker Population Ratio Total,01-01-2014,1,900
Worker Population Ratio Total,01-01-2014,1,900
Worker Population Ratio Total,01-01-2014,1,902
Worker Population Ratio Total,01-01-2014,1,904
Worker Population Ratio Total,01-01-2014,1,916
Worker Population Ratio Total,01-01-2014,1,917
Worker Population Ratio Total,01-01-2014,1,917
Worker Population Ratio Total,01-01-2014,1,924
Worker Population Ratio Total,01-01-2014,1,924
Worker Population Ratio Total,01-01-2014,1,938
Worker Population Ratio Total,01-01-2014,1,942
Worker Population Ratio Total,01-01-2014,1,942
Worker Population Ratio Total,01-01-2014,1,945
Worker Population Ratio Total,01-01-2014,1,951
Worker Population Ratio Total,01-01-2014,1,975
Worker Population Ratio Total,01-01-2014,1,975
Worker Population Ratio Total,01-01-2014,1,980
Worker Population Ratio Total,01-01-2014,1,980
Worker Population Ratio Total,01-01-2014,1,984
Worker Population Ratio Total,01-01-2014,1,986
Worker Population Ratio Total,01-01-2014,1,991
Worker Population Ratio Total,01-01-2014,1,995
Worker Population Ratio Total,01-01-2014,1,1005
Worker Population Ratio Total,01-01-2014,1,1010
Worker Population Ratio Total,01-01-2014,1,1011
Worker Population Ratio Total,01-01-2014,1,1016
Worker Population Ratio Total,01-01-2014,1,1031
Worker Population Ratio Total,01-01-2014,1,1036
Worker Population Ratio Total,01-01-2014,1,1041
Worker Population Ratio Total,01-01-2014,1,1055
Worker Population Ratio Total,01-01-2014,1,1066
Worker Population Ratio Total,01-01-2014,1,1076
Worker Population Ratio Total,01-01-2014,1,1077
Worker Population Ratio Total,01-01-2014,1,1084
Worker Population Ratio Total,01-01-2014,1,1086
Worker Population Ratio Total,01-01-2014,1,1100
Worker Population Ratio Total,01-01-2014,1,1127
Worker Population Ratio Total,01-01-2014,1,1144
Worker Population Ratio Total,01-01-2014,1,1146
Worker Population Ratio Total,01-01-2014,1,1146
Worker Population Ratio Total,01-01-2014,1,1155
Worker Population Ratio Total,01-01-2014,1,1157
Worker Population Ratio Total,01-01-2014,1,1162
Worker Population Ratio Total,01-01-2014,1,1162
Worker Population Ratio Total,01-01-2014,1,1194
Worker Population Ratio Total,01-01-2014,1,1196
Worker Population Ratio Total,01-01-2014,1,1221
Worker Population Ratio Total,01-01-2014,1,1239
Worker Population Ratio Total,01-01-2014,1,1243
Worker Population Ratio Total,01-01-2014,1,1250
Worker Population Ratio Total,01-01-2014,1,1254
Worker Population Ratio Total,01-01-2014,1,1264
Worker Population Ratio Total,01-01-2014,1,1271
Worker Population Ratio Total,01-01-2014,1,1274
Worker Population Ratio Total,01-01-2014,1,1292
Worker Population Ratio Total,01-01-2014,1,1301
Worker Population Ratio Total,01-01-2014,1,1301
Worker Population Ratio Total,01-01-2014,1,1305
Worker Population Ratio Total,01-01-2014,1,1364
Worker Population Ratio Total,01-01-2014,1,1368
Worker Population Ratio Total,01-01-2014,1,1377
Worker Population Ratio Total,01-01-2014,1,1390
Worker Population Ratio Total,01-01-2014,1,1391
Worker Population Ratio Total,01-01-2014,1,1417
Worker Population Ratio Total,01-01-2014,1,1420
Worker Population Ratio Total,01-01-2014,1,1421
Worker Population Ratio Total,01-01-2014,1,1503
Worker Population Ratio Total,01-01-2014,1,1596
